invoiceId,previousInvoiceId,billingAccountId,billingAccountName,billingProfileId,billingProfileName,invoiceSectionId,invoiceSectionName,resellerName,resellerMpnId,costCenter,billingPeriodEndDate,billingPeriodStartDate,servicePeriodEndDate,servicePeriodStartDate,date,serviceFamily,productOrderId,productOrderName,consumedService,meterId,meterName,meterCategory,meterSubCategory,meterRegion,ProductId,ProductName,SubscriptionId,subscriptionName,publisherType,publisherId,publisherName,resourceGroupName,ResourceId,resourceLocation,location,effectivePrice,quantity,unitOfMeasure,chargeType,billingCurrency,pricingCurrency,costInBillingCurrency,costInPricingCurrency,costInUsd,paygCostInBillingCurrency,paygCostInUsd,exchangeRatePricingToBilling,exchangeRateDate,isAzureCreditEligible,serviceInfo1,serviceInfo2,additionalInfo,tags,PayGPrice,frequency,term,reservationId,reservationName,pricingModel,unitPrice,costAllocationRuleName,benefitId,benefitName,provider
,,66caf3c9-4a44-4b69-af01-390bcf9a9030,,JYIS-RAGW-BG7-PGB,Dia Great Britain Ltd,IXNT-M5BQ-PJA-PGB,A&I,,,A&I,,,2025-01-05,2025-01-03,2025-02-03,Networking,1fe52be4-5b12-4a4b-d6d9-29b119dd7402,Azure plan,Microsoft.Databricks,e6ab7238-e433-4fe0-a2b2-2b2564df2cdb,Standard Private Endpoint,Virtual Network,Virtual Network Private Link,Global,DZH318Z0C0XP0001,Virtual Network Private Link,cbce95f0-3cdf-467f-852e-1b64bd2105d3,dia-analytics-nonprod,Microsoft,,Microsoft,dia-analytics-nonprod-eun-rg-ddh-pii-dev,/subscriptions/cbce95f0-3cdf-467f-852e-1b64bd2105d3/resourceGroups/dia-analytics-nonprod-eun-rg-ddh-pii-dev/providers/Microsoft.Databricks/workspaces/dia-eun-adb-ddh-pii01,northeurope,EU North,0.0081,20,1 Hour,Usage,GBP,USD,427594.218879218,0.162,0.162,0.157523727011381,0.2,0.787618635056905,2025-01-03,True,,,,"{""funcSubValueStream"":""Global Data Platforms, Engineering and Operations"",""acctProjectCostCentre"":""NA"",""funcAppID"":"" 02332"",""acctInternalOrderNumber"":""NA"",""acctBAUCostCentre"":""AEL401"",""BillingOriginProduct"":""NETWORKING"",""funcAppOwner"":""example@dia.com"",""funcAppName"":""Commercial Performance Dashboard""}",0.01,UsageBased,,,,OnDemand,0.0081,,,,Azure
,,66caf3c9-4a44-4b69-af01-390bcf9a9030,,JYIS-RAGW-BG7-PGB,Dia Great Britain Ltd,IXNT-M5BQ-PJA-PGB,A&I,,,A&I,,,2025-01-05,2025-01-03,2025-02-03,Networking,1fe52be4-5b12-4a4b-d6d9-29b119dd7402,Azure plan,Microsoft.Databricks,e6ab7238-e433-4fe0-a2b2-2b2564df2cdb,Standard Private Endpoint,Virtual Network,Virtual Network Private Link,Global,DZH318Z0C0XP0001,Virtual Network Private Link,cbce95f0-3cdf-467f-852e-1b64bd2105d3,dia-analytics-nonprod,Microsoft,,Microsoft,dia-analytics-nonprod-eun-rg-ddh-pii-uat,/subscriptions/cbce95f0-3cdf-467f-852e-1b64bd2105d3/resourceGroups/dia-analytics-nonprod-eun-rg-ddh-pii-uat/providers/Microsoft.Databricks/workspaces/dia-eun-adb-ddh-pii01,northeurope,EU North,0.0081,20,1 Hour,Usage,GBP,USD,427594.218879218,0.162,0.162,0.157523727011381,0.2,0.787618635056905,2025-01-03,True,,,,"{""funcSubValueStream"":""Global Data Platforms, Engineering and Operations"",""acctProjectCostCentre"":""NA"",""funcAppID"":"" 02332"",""acctInternalOrderNumber"":""NA"",""acctBAUCostCentre"":""AEL401"",""BillingOriginProduct"":""NETWORKING"",""funcAppOwner"":""example@dia.com"",""funcAppName"":""Commercial Performance Dashboard""}",0.01,UsageBased,,,,OnDemand,0.0081,,,,Azure
,,66caf3c9-4a44-4b69-af01-390bcf9a9030,,JYIS-RAGW-BG7-PGB,Dia Great Britain Ltd,IXNT-M5BQ-PJA-PGB,A&I,,,A&I,,,2025-01-05,2025-01-03,2025-02-03,Networking,1fe52be4-5b12-4a4b-d6d9-29b119dd7402,Azure plan,Microsoft.Databricks,e6ab7238-e433-4fe0-a2b2-2b2564df2cdb,Standard Private Endpoint,Virtual Network,Virtual Network Private Link,Global,DZH318Z0C0XP0001,Virtual Network Private Link,cbce95f0-3cdf-467f-852e-1b64bd2105d3,dia-analytics-nonprod,Microsoft,,Microsoft,dia-analytics-nonprod-eun-rg-ddh-pii-sit,/subscriptions/cbce95f0-3cdf-467f-852e-1b64bd2105d3/resourceGroups/dia-analytics-nonprod-eun-rg-ddh-pii-sit/providers/Microsoft.Databricks/workspaces/dia-eun-adb-ddh-pii01,northeurope,EU North,0.0081,20,1 Hour,Usage,GBP,USD,427594.218879218,0.162,0.162,0.157523727011381,0.2,0.787618635056905,2025-01-03,True,,,,"{""funcSubValueStream"":""Global Data Platforms, Engineering and Operations"",""acctProjectCostCentre"":""NA"",""funcAppID"":"" 02332"",""acctInternalOrderNumber"":""NA"",""acctBAUCostCentre"":""AEL401"",""BillingOriginProduct"":""NETWORKING"",""funcAppOwner"":""example@dia.com"",""funcAppName"":""Commercial Performance Dashboard""}",0.01,UsageBased,,,,OnDemand,0.0081,,,,Azure
,,66caf3c9-4a44-4b69-af01-390bcf9a9030,,JYIS-RAGW-BG7-PGB,Dia Great Britain Ltd,IXNT-M5BQ-PJA-PGB,A&I,,,A&I,,,2025-01-06,2025-01-03,2025-02-03,Networking,1fe52be4-5b12-4a4b-d6d9-29b119dd7402,Azure plan,Microsoft.Databricks,e6ab7238-e433-4fe0-a2b2-2b2564df2cdb,Standard Private Endpoint,Virtual Network,Virtual Network Private Link,Global,DZH318Z0C0XP0001,Virtual Network Private Link,cbce95f0-3cdf-467f-852e-1b64bd2105d3,dia-analytics-nonprod,Microsoft,,Microsoft,dia-analytics-nonprod-eun-rg-ddh-pii-dev,/subscriptions/cbce95f0-3cdf-467f-852e-1b64bd2105d3/resourceGroups/dia-analytics-nonprod-eun-rg-ddh-pii-dev/providers/Microsoft.Databricks/workspaces/dia-eun-adb-ddh-pii01,northeurope,EU North,0.0081,20,1 Hour,Usage,GBP,USD,527594.218879218,0.162,0.162,0.157523727011381,0.2,0.787618635056905,2025-01-03,True,,,,"{""funcSubValueStream"":""Global Data Platforms, Engineering and Operations"",""acctProjectCostCentre"":""NA"",""funcAppID"":"" 02332"",""acctInternalOrderNumber"":""NA"",""acctBAUCostCentre"":""AEL401"",""BillingOriginProduct"":""NETWORKING"",""funcAppOwner"":""example@dia.com"",""funcAppName"":""Commercial Performance Dashboard""}",0.01,UsageBased,,,,OnDemand,0.0081,,,,Azure
,,66caf3c9-4a44-4b69-af01-390bcf9a9030,,JYIS-RAGW-BG7-PGB,Dia Great Britain Ltd,IXNT-M5BQ-PJA-PGB,A&I,,,A&I,,,2025-01-06,2025-01-03,2025-02-03,Networking,1fe52be4-5b12-4a4b-d6d9-29b119dd7402,Azure plan,Microsoft.Databricks,e6ab7238-e433-4fe0-a2b2-2b2564df2cdb,Standard Private Endpoint,Virtual Network,Virtual Network Private Link,Global,DZH318Z0C0XP0001,Virtual Network Private Link,cbce95f0-3cdf-467f-852e-1b64bd2105d3,dia-analytics-nonprod,Microsoft,,Microsoft,dia-analytics-nonprod-eun-rg-ddh-pii-uat,/subscriptions/cbce95f0-3cdf-467f-852e-1b64bd2105d3/resourceGroups/dia-analytics-nonprod-eun-rg-ddh-pii-uat/providers/Microsoft.Databricks/workspaces/dia-eun-adb-ddh-pii01,northeurope,EU North,0.0081,20,1 Hour,Usage,GBP,USD,527594.218879218,0.162,0.162,0.157523727011381,0.2,0.787618635056905,2025-01-03,True,,,,"{""funcSubValueStream"":""Global Data Platforms, Engineering and Operations"",""acctProjectCostCentre"":""NA"",""funcAppID"":"" 02332"",""acctInternalOrderNumber"":""NA"",""acctBAUCostCentre"":""AEL401"",""BillingOriginProduct"":""NETWORKING"",""funcAppOwner"":""example@dia.com"",""funcAppName"":""Commercial Performance Dashboard""}",0.01,UsageBased,,,,OnDemand,0.0081,,,,Azure
,,66caf3c9-4a44-4b69-af01-390bcf9a9030,,JYIS-RAGW-BG7-PGB,Dia Great Britain Ltd,IXNT-M5BQ-PJA-PGB,A&I,,,A&I,,,2025-01-06,2025-01-03,2025-02-03,Networking,1fe52be4-5b12-4a4b-d6d9-29b119dd7402,Azure plan,Microsoft.Databricks,e6ab7238-e433-4fe0-a2b2-2b2564df2cdb,Standard Private Endpoint,Virtual Network,Virtual Network Private Link,Global,DZH318Z0C0XP0001,Virtual Network Private Link,cbce95f0-3cdf-467f-852e-1b64bd2105d3,dia-analytics-nonprod,Microsoft,,Microsoft,dia-analytics-nonprod-eun-rg-ddh-pii-sit,/subscriptions/cbce95f0-3cdf-467f-852e-1b64bd2105d3/resourceGroups/dia-analytics-nonprod-eun-rg-ddh-pii-sit/providers/Microsoft.Databricks/workspaces/dia-eun-adb-ddh-pii01,northeurope,EU North,0.0081,20,1 Hour,Usage,GBP,USD,527594.218879218,0.162,0.162,0.157523727011381,0.2,0.787618635056905,2025-01-03,True,,,,"{""funcSubValueStream"":""Global Data Platforms, Engineering and Operations"",""acctProjectCostCentre"":""NA"",""funcAppID"":"" 02332"",""acctInternalOrderNumber"":""NA"",""acctBAUCostCentre"":""AEL401"",""BillingOriginProduct"":""NETWORKING"",""funcAppOwner"":""example@dia.com"",""funcAppName"":""Commercial Performance Dashboard""}",0.01,UsageBased,,,,OnDemand,0.0081,,,,Azure
